{"cameraMode":{"drawMode":0,"name":"Shaded","section":"Shading Mode"},"sceneLighting":true,"audioPlay":false,"sceneViewState":{"showFog":true,"showMaterialUpdate":false,"showSkybox":true,"showFlares":true,"showImageEffects":true,"showParticleSystems":true},"in2DMode":false,"pivot":{"x":573.3443603515625,"y":322.18597412109377,"z":601.099853515625},"rotation":{"x":0.002472046995535493,"y":-0.9973386526107788,"z":0.04072384908795357,"w":0.06051981821656227},"size":1254.9515380859375,"orthographic":false}